URL,Prefix,Primary Borough (by outcode),Boroughs in outcode
se1locksmithbermondsey.co.uk,se1,Southwark,Southwark; Lambeth
se25locksmithwoodside.co.uk,se25,Croydon,Croydon
se2locksmithabbeywood.co.uk,se2,Greenwich,Greenwich; Bexley
se3locksmithkidbrooke.co.uk,se3,Greenwich,Greenwich; Lewisham
se4locksmithbrockley.co.uk,se4,Lewisham,Lewisham; Southwark
se5locksmithkennington.co.uk,se5,Southwark,Southwark; Lambeth
sm2locksmithsutton.co.uk,sm2,Sutton,Sutton
sw10locksmithwestbrompton.co.uk,sw10,Kensington and Chelsea,Kensington and Chelsea; Hammersmith and Fulham
sw12locksmithbalham.co.uk,sw12,Wandsworth,Wandsworth; Lambeth
sw14locksmithmortlake.co.uk,sw14,Richmond upon Thames,Richmond upon Thames
sw18locksmithsouthfields.co.uk,sw18,Wandsworth,Wandsworth; Merton
sw1xlocksmithhydeparkcorner.co.uk,sw1x,Westminster,Westminster; Kensington and Chelsea; Wandsworth
sw4locksmithstockwell.co.uk,sw4,Lambeth,Lambeth; Wandsworth
tw12locksmithhampton.co.uk,tw12,Richmond upon Thames,Richmond upon Thames
tw14locksmitheastbedfont.co.uk,tw14,Hounslow,Hounslow; Hillingdon
tw2locksmithwhitton.co.uk,tw2,Richmond upon Thames,Richmond upon Thames; Hounslow
tw7locksmithosterley.co.uk,tw7,Hounslow,Hounslow; Richmond upon Thames
ub1locksmithdormerswells.co.uk,ub1,Ealing,Ealing; Hillingdon
ub3locksmithcranford.co.uk,ub3,Hillingdon,Hillingdon
ub5locksmithyeading.co.uk,ub5,Ealing,Ealing; Hillingdon; Harrow
ub7locksmithyiewsley.co.uk,ub7,Hillingdon,Hillingdon
w12locksmithwhitecity.co.uk,w12,Hammersmith and Fulham,Hammersmith and Fulham; Ealing
w1glocksmithmarylebone.co.uk,w1g,Westminster,Westminster; Islington
w4locksmithbedfordpark.co.uk,w4,Hounslow,Hounslow; Ealing; Hammersmith and Fulham
e3locksmithsbow.co.uk,e3,Tower Hamlets,Tower Hamlets; Newham
br1locksmithplaistow.co.uk,br1,Bromley,Bromley; Lewisham
br1locksmithsouthend.co.uk,br1,Bromley,Bromley; Lewisham
br2locksmithhayes.co.uk,br2,Bromley,Bromley
da15locksmithsidcup.co.uk,da15,Bexley,Bexley; Greenwich
e11locksmithleytonstone.co.uk,e11,Waltham Forest,Waltham Forest; Redbridge
e17locksmithwalthamstow.co.uk,e17,Waltham Forest,Waltham Forest
e4locksmithchingford.co.uk,e4,Waltham Forest,Waltham Forest
e6locksmitheastham.co.uk,e6,Newham,Newham
ha9locksmithwembley.co.uk,ha9,Brent,Brent
nw6locksmithwesthampstead.co.uk,nw6,Camden,Camden; Brent; Westminster
sw11locksmithbattersea.co.uk,sw11,Wandsworth,Wandsworth
sw15locksmithputney.co.uk,sw15,Wandsworth,Wandsworth; Kingston upon Thames; Richmond upon Thames
sw3locksmithchelsea.co.uk,sw3,Kensington and Chelsea,Kensington and Chelsea; Lambeth; Westminster
sw4locksmithclapham.co.uk,sw4,Lambeth,Lambeth; Wandsworth
w14locksmithwestkensington.co.uk,w14,Hammersmith and Fulham,Hammersmith and Fulham; Kensington and Chelsea
w2locksmithpaddington.co.uk,w2,Westminster,Westminster; Ealing; Kensington and Chelsea
br2locksmithbromley.co.uk,br2,Bromley,Bromley
br3locksmithbeckenham.co.uk,br3,Bromley,Bromley; Lewisham; Croydon
br6locksmithorpington.co.uk,br6,Bromley,Bromley
cr0locksmithbeddington.co.uk,cr0,Croydon,Croydon; Sutton
cr4locksmithmitcham.co.uk,cr4,Merton,Merton; Sutton; Lambeth; Croydon
cr5locksmithcoulsdon.co.uk,cr5,Croydon,Croydon; Sutton
cr7locksmiththorntonheath.co.uk,cr7,Croydon,Croydon; Merton
cr9locksmithcroydon.co.uk,cr9,Croydon,Croydon; Sutton
da14locksmithruxley.co.uk,da14,Bexley,Bexley; Bromley
da16locksmithwelling.co.uk,da16,Bexley,Bexley; Greenwich
da5locksmithbexley.co.uk,da5,Bexley,Bexley
da7locksmithbexleyheath.co.uk,da7,Bexley,Bexley
da8locksmitherith.co.uk,da8,Bexley,Bexley
e10locksmithleyton.co.uk,e10,Waltham Forest,Waltham Forest
e13locksmithplaistow.co.uk,e13,Newham,Newham
e14locksmithcanarywharf.co.uk,e14,Tower Hamlets,Tower Hamlets
e14locksmithcubitttown.co.uk,e14,Tower Hamlets,Tower Hamlets
e14locksmithisleofdogs.co.uk,e14,Tower Hamlets,Tower Hamlets
e14locksmithmillwall.co.uk,e14,Tower Hamlets,Tower Hamlets
e14locksmithtowerhamlets.co.uk,e14,Tower Hamlets,Tower Hamlets
e15locksmithstratford.co.uk,e15,Newham,Newham; Waltham Forest; Hackney; Tower Hamlets
e16locksmithcanningtown.co.uk,e16,Newham,Newham
e16locksmithnorthwoolwich.co.uk,e16,Newham,Newham
e2locksmithbethnalgreen.co.uk,e2,Tower Hamlets,Tower Hamlets; Hackney
e3locksmithbow.co.uk,e3,Tower Hamlets,Tower Hamlets; Newham
e6locksmithcyprus.co.uk,e6,Newham,Newham
e6locksmithnewham.co.uk,e6,Newham,Newham
e7locksmithforestgate.co.uk,e7,Newham,Newham; Waltham Forest; Redbridge
en1locksmithenfieldtown.co.uk,en1,Enfield,Enfield
en3locksmithenfieldwash.co.uk,en3,Enfield,Enfield
en5locksmithbarnet.co.uk,en5,Barnet,Barnet
ha1locksmithharrow.co.uk,ha1,Harrow,Harrow; Brent
ha3locksmithkenton.co.uk,ha3,Harrow,Harrow; Brent
ha4locksmithruislip.co.uk,ha4,Hillingdon,Hillingdon; Harrow
ha5locksmithpinner.co.uk,ha5,Harrow,Harrow; Hillingdon
ha5locksmithpinnergreen.co.uk,ha5,Harrow,Harrow; Hillingdon
ha6locksmithnorthwood.co.uk,ha6,Hillingdon,Hillingdon
ha7locksmithstanmore.co.uk,ha7,Harrow,Harrow; Barnet; Brent
ha8locksmithedgware.co.uk,ha8,Barnet,Barnet; Harrow; Brent
ig11locksmithbarking.co.uk,ig11,Barking and Dagenham,Barking and Dagenham; Redbridge; Newham
ig1locksmithilford.co.uk,ig1,Redbridge,Redbridge
ig8locksmithwoodford.co.uk,ig8,Redbridge,Redbridge; Waltham Forest
kt1locksmithkingstonuponthames.co.uk,kt1,Kingston upon Thames,Kingston upon Thames; Richmond upon Thames
kt3locksmithnewmalden.co.uk,kt3,Kingston upon Thames,Kingston upon Thames; Merton
kt6locksmithsurbiton.co.uk,kt6,Kingston upon Thames,Kingston upon Thames
n12locksmithnorthfinchley.co.uk,n12,Barnet,Barnet
n15locksmithharringay.co.uk,n15,Haringey,Haringey; Islington; Hackney
n15locksmithtottenham.co.uk,n15,Haringey,Haringey; Islington; Hackney
n16locksmithcravenwalk.co.uk,n16,Hackney,Hackney; Islington
n16locksmithstamfordhill.co.uk,n16,Hackney,Hackney; Islington
n17locksmithtowergardens.co.uk,n17,Haringey,Haringey; Enfield; Waltham Forest
n19locksmitharchway.co.uk,n19,Islington,Islington; Camden
n1locksmithislington.co.uk,n1,Islington,Islington; Hackney; Camden
n22locksmithwoodgreen.co.uk,n22,Haringey,Haringey; Enfield
n3locksmithfinchley.co.uk,n3,Barnet,Barnet
n5locksmithhighbury.co.uk,n5,Islington,Islington; Hackney
n9locksmithedmonton.co.uk,n9,Enfield,Enfield
nw10locksmithbrentpark.co.uk,nw10,Brent,Brent; Ealing; Hammersmith and Fulham
nw10locksmithparkroyal.co.uk,nw10,Brent,Brent; Ealing; Hammersmith and Fulham
nw10locksmithwillesdengreen.co.uk,nw10,Brent,Brent; Ealing; Hammersmith and Fulham
nw1locksmithcamdentown.co.uk,nw1,Camden,Camden; Westminster
nw1locksmithchalkfarm.co.uk,nw1,Camden,Camden; Westminster
nw2locksmithcricklewood.co.uk,nw2,Brent,Brent; Barnet; Camden
nw2locksmithwillesden.co.uk,nw2,Brent,Brent; Barnet; Camden
nw4locksmithbrentcross.co.uk,nw4,Barnet,Barnet
nw4locksmithhendon.co.uk,nw4,Barnet,Barnet
nw6locksmithkilburn.co.uk,nw6,Camden,Camden; Brent; Westminster
nw6locksmithsouthhampstead.co.uk,nw6,Camden,Camden; Brent; Westminster
nw9locksmithkingsbury.co.uk,nw9,Barnet,Barnet; Brent; Harrow
rm10locksmithdagenham.co.uk,rm10,Barking and Dagenham,Barking and Dagenham
rm11locksmithhornchurch.co.uk,rm11,Havering,Havering
rm14locksmithupminster.co.uk,rm14,Havering,Havering
rm14locksmithupminsterbridge.co.uk,rm14,Havering,Havering
rm1locksmithromford.co.uk,rm1,Havering,Havering
rm4locksmithhavering-atte-bower.co.uk,rm4,Havering,Havering
rm6locksmithchadwellheath.co.uk,rm6,Redbridge,Redbridge; Barking and Dagenham
rm8locksmithbecontreeheath.co.uk,rm8,Barking and Dagenham,Barking and Dagenham; Redbridge
rm9locksmithbecontree.co.uk,rm9,Barking and Dagenham,Barking and Dagenham; Havering
se10locksmithgreenwich.co.uk,se10,Greenwich,Greenwich; Lewisham
se13locksmithlewisham.co.uk,se13,Lewisham,Lewisham; Greenwich
se15locksmithpeckham.co.uk,se15,Southwark,Southwark; Lewisham
se17locksmithwalworth.co.uk,se17,Southwark,Southwark
se18locksmithwoolwich.co.uk,se18,Greenwich,Greenwich
se1locksmithnorthsouthwark.co.uk,se1,Southwark,Southwark; Lambeth
se26locksmithsydenham.co.uk,se26,Lewisham,Lewisham; Bromley; Southwark
se27locksmithwestnorwood.co.uk,se27,Lambeth,Lambeth
se28locksmiththamesmead.co.uk,se28,Greenwich,Greenwich; Bexley
se3locksmithblackheath.co.uk,se3,Greenwich,Greenwich; Lewisham
se3locksmithblackheathpark.co.uk,se3,Greenwich,Greenwich; Lewisham
se3locksmithwestcombepark.co.uk,se3,Greenwich,Greenwich; Lewisham
se5locksmithcamberwell.co.uk,se5,Southwark,Southwark; Lambeth
se6locksmithcatford.co.uk,se6,Lewisham,Lewisham
se7locksmithcharlton.co.uk,se7,Greenwich,Greenwich
se9locksmitheltham.co.uk,se9,Greenwich,Greenwich; Bromley; Lewisham; Bexley
se9locksmithneweltham.co.uk,se9,Greenwich,Greenwich; Bromley; Lewisham; Bexley
sm4locksmithmorden.co.uk,sm4,Merton,Merton; Sutton
sm4locksmithmordenpark.co.uk,sm4,Merton,Merton; Sutton
sm5locksmithcarshalton.co.uk,sm5,Sutton,Sutton
sw11locksmithclaphamjunction.co.uk,sw11,Wandsworth,Wandsworth
sw13locksmithbarnes.co.uk,sw13,Richmond upon Thames,Richmond upon Thames
sw16locksmithstreatham.co.uk,sw16,Lambeth,Lambeth; Croydon; Wandsworth; Merton
sw18locksmithwandsworth.co.uk,sw18,Wandsworth,Wandsworth; Merton
sw19locksmithmerton.co.uk,sw19,Merton,Merton; Wandsworth
sw19locksmithsouthwimbledon.co.uk,sw19,Merton,Merton; Wandsworth
sw19locksmithwimbledon.co.uk,sw19,Merton,Merton; Wandsworth
sw1alocksmithwestminster.co.uk,sw1a,Westminster,Westminster; Wandsworth
sw1vlocksmithpimlico.co.uk,sw1v,Westminster,Westminster; Wandsworth
sw2locksmithlambeth.co.uk,sw2,Lambeth,Lambeth
sw2locksmithstreathamhill.co.uk,sw2,Lambeth,Lambeth
sw6locksmithfulham.co.uk,sw6,Hammersmith and Fulham,Hammersmith and Fulham
sw9locksmithbrixton.co.uk,sw9,Lambeth,Lambeth
tw10locksmithrichmond.co.uk,tw10,Richmond upon Thames,Richmond upon Thames; Kingston upon Thames
tw13locksmithfeltham.co.uk,tw13,Hounslow,Hounslow; Richmond upon Thames
tw13locksmithhanworth.co.uk,tw13,Hounslow,Hounslow; Richmond upon Thames
tw1locksmithtwickenham.co.uk,tw1,Richmond upon Thames,Richmond upon Thames; Hounslow
tw3locksmithhounslow.co.uk,tw3,Hounslow,Hounslow; Richmond upon Thames
tw3locksmithhounslowwest.co.uk,tw3,Hounslow,Hounslow; Richmond upon Thames
tw3locksmithlampton.co.uk,tw3,Hounslow,Hounslow; Richmond upon Thames
tw5locksmithheston.co.uk,tw5,Hounslow,Hounslow
tw7locksmithisleworth.co.uk,tw7,Hounslow,Hounslow; Richmond upon Thames
tw8locksmithbrentford.co.uk,tw8,Hounslow,Hounslow; Ealing
ub1locksmithsouthall.co.uk,ub1,Ealing,Ealing; Hillingdon
ub3locksmithharlington.co.uk,ub3,Hillingdon,Hillingdon
ub3locksmithhayes.co.uk,ub3,Hillingdon,Hillingdon
ub3locksmithhillingdon.co.uk,ub3,Hillingdon,Hillingdon
ub5locksmithnortholt.co.uk,ub5,Ealing,Ealing; Hillingdon; Harrow
ub6locksmithgreenford.co.uk,ub6,Ealing,Ealing; Harrow
ub8locksmithuxbridge.co.uk,ub8,Hillingdon,Hillingdon
w13locksmithealing.co.uk,w13,Ealing,Ealing
w3locksmithacton.co.uk,w3,Ealing,Ealing; Hounslow; Hammersmith and Fulham
w4locksmithchiswick.co.uk,w4,Hounslow,Hounslow; Ealing; Hammersmith and Fulham
w6locksmithbrookgreen.co.uk,w6,Hammersmith and Fulham,Hammersmith and Fulham; Hounslow
w6locksmithhammersmith.co.uk,w6,Hammersmith and Fulham,Hammersmith and Fulham; Hounslow
w7locksmithhanwell.co.uk,w7,Ealing,Ealing
w8locksmithkensington.co.uk,w8,Kensington and Chelsea,Kensington and Chelsea
w9locksmithmaidavale.co.uk,w9,Westminster,Westminster; Kensington and Chelsea; Camden; Brent
w9locksmithwestkilburn.co.uk,w9,Westminster,Westminster; Kensington and Chelsea; Camden; Brent
br1locksmithbickley.co.uk,br1,Bromley,Bromley; Lewisham
br4locksmithwestwickham.co.uk,br4,Bromley,Bromley
br5locksmithpettswood.co.uk,br5,Bromley,Bromley
br7locksmithchislehurst.co.uk,br7,Bromley,Bromley; Greenwich
cr0locksmithaddiscombe.co.uk,cr0,Croydon,Croydon; Sutton
cr2locksmithsouthcroydon.co.uk,cr2,Croydon,Croydon
cr8locksmithkenley.co.uk,cr8,Croydon,Croydon; Sutton
cr8locksmithpurley.co.uk,cr8,Croydon,Croydon; Sutton
da16locksmitheastwickham.co.uk,da16,Bexley,Bexley; Greenwich
da17locksmithbelvedere.co.uk,da17,Bexley,Bexley
da1locksmithcrayford.co.uk,da1,Bexley,Bexley
e11locksmithwanstead.co.uk,e11,Waltham Forest,Waltham Forest; Redbridge
e15locksmithwestham.co.uk,e15,Newham,Newham; Waltham Forest; Hackney; Tower Hamlets
e18locksmithsouthwoodford.co.uk,e18,Redbridge,Redbridge
e1locksmithstepney.co.uk,e1,Tower Hamlets,Tower Hamlets; City of London; Hackney
e1locksmithwhitechapel.co.uk,e1,Tower Hamlets,Tower Hamlets; City of London; Hackney
e1wlocksmithshadwell.co.uk,e1w,Tower Hamlets,Tower Hamlets
e1wlocksmithwapping.co.uk,e1w,Tower Hamlets,Tower Hamlets
e3locksmithmileend.co.uk,e3,Tower Hamlets,Tower Hamlets; Newham
e4locksmithhighamspark.co.uk,e4,Waltham Forest,Waltham Forest
e9locksmithhackneywick.co.uk,e9,Hackney,Hackney; Tower Hamlets
ec1rlocksmithclerkenwell.co.uk,ec1r,Islington,Islington; Camden
ec2alocksmithshoreditch.co.uk,ec2a,Hackney,Hackney; Islington; City of London
ec2vlocksmithlondon.co.uk,ec2v,City of London,City of London; Islington
en3locksmithpondersend.co.uk,en3,Enfield,Enfield
en5locksmitheastbarnet.co.uk,en5,Barnet,Barnet
ha0locksmithsudbury.co.uk,ha0,Brent,Brent; Ealing
ha3locksmithwealdstone.co.uk,ha3,Harrow,Harrow; Brent
ha5locksmitheastcote.co.uk,ha5,Harrow,Harrow; Hillingdon
ha8locksmithburntoak.co.uk,ha8,Barnet,Barnet; Harrow; Brent
ig1locksmithcranbrook.co.uk,ig1,Redbridge,Redbridge
ig2locksmithgantshill.co.uk,ig2,Redbridge,Redbridge
ig3locksmithsevenkings.co.uk,ig3,Redbridge,Redbridge
ig5locksmithclayhall.co.uk,ig5,Redbridge,Redbridge
ig6locksmithbarkingside.co.uk,ig6,Redbridge,Redbridge
ig7locksmithhainault.co.uk,ig7,Redbridge,Redbridge
ig8locksmithhaleend.co.uk,ig8,Redbridge,Redbridge; Waltham Forest
kt4locksmithworcesterpark.co.uk,kt4,Sutton,Sutton; Kingston upon Thames
kt9locksmithchessington.co.uk,kt9,Kingston upon Thames,Kingston upon Thames
kt9locksmithhook.co.uk,kt9,Kingston upon Thames,Kingston upon Thames
n11locksmithboundsgreen.co.uk,n11,Barnet,Barnet; Enfield; Haringey
n11locksmithbrunswickpark.co.uk,n11,Barnet,Barnet; Enfield; Haringey
n11locksmithnewsouthgate.co.uk,n11,Barnet,Barnet; Enfield; Haringey
n12locksmithfriernbarnet.co.uk,n12,Barnet,Barnet
n13locksmithpalmersgreen.co.uk,n13,Enfield,Enfield; Haringey
n14locksmithsouthgate.co.uk,n14,Enfield,Enfield; Barnet
n15locksmithsevensisters.co.uk,n15,Haringey,Haringey; Islington; Hackney
n15locksmithwestgreen.co.uk,n15,Haringey,Haringey; Islington; Hackney
n16locksmithstokenewington.co.uk,n16,Hackney,Hackney; Islington
n1locksmithcanonbury.co.uk,n1,Islington,Islington; Hackney; Camden
n1locksmithhoxton.co.uk,n1,Islington,Islington; Hackney; Camden
n1locksmithkingscross.co.uk,n1,Islington,Islington; Hackney; Camden
n20locksmithtotteridge.co.uk,n20,Barnet,Barnet
n21locksmithwinchmorehill.co.uk,n21,Enfield,Enfield
n2locksmitheastfinchley.co.uk,n2,Barnet,Barnet; Haringey
n4locksmithbrownswoodpark.co.uk,n4,Haringey,Haringey; Islington; Hackney
n4locksmithfinsburypark.co.uk,n4,Haringey,Haringey; Islington; Hackney
n6locksmithhighgate.co.uk,n6,Haringey,Haringey; Camden; Islington; Barnet
n7locksmithholloway.co.uk,n7,Islington,Islington; Camden
n8locksmithcrouchend.co.uk,n8,Haringey,Haringey; Brent; Islington
n8locksmithhornsey.co.uk,n8,Haringey,Haringey; Brent; Islington
nw10locksmithharlesden.co.uk,nw10,Brent,Brent; Ealing; Hammersmith and Fulham
nw10locksmithkensalgreen.co.uk,nw10,Brent,Brent; Ealing; Hammersmith and Fulham
nw11locksmithgoldersgreen.co.uk,nw11,Barnet,Barnet
nw11locksmithhampsteadgardensuburb.co.uk,nw11,Barnet,Barnet
nw1locksmithprimrosehill.co.uk,nw1,Camden,Camden; Westminster
nw2locksmithbrondesbury.co.uk,nw2,Brent,Brent; Barnet; Camden
nw2locksmithdollishill.co.uk,nw2,Brent,Brent; Barnet; Camden
nw3locksmithgospeloak.co.uk,nw3,Camden,Camden; Barnet
nw3locksmithhampstead.co.uk,nw3,Camden,Camden; Barnet
nw3locksmithswisscottage.co.uk,nw3,Camden,Camden; Barnet
nw4locksmithwesthendon.co.uk,nw4,Barnet,Barnet
nw5locksmithkentishtown.co.uk,nw5,Camden,Camden; Islington
nw6locksmithqueenspark.co.uk,nw6,Camden,Camden; Brent; Westminster
nw7locksmithmillhill.co.uk,nw7,Barnet,Barnet
nw9locksmithcolindale.co.uk,nw9,Barnet,Barnet; Brent; Harrow
rm11locksmithemersonpark.co.uk,rm11,Havering,Havering
rm12locksmithelmpark.co.uk,rm12,Havering,Havering
rm13locksmithrainham.co.uk,rm13,Havering,Havering
rm3locksmithharoldhill.co.uk,rm3,Havering,Havering
rm3locksmithharoldwood.co.uk,rm3,Havering,Havering
se11locksmithvauxhall.co.uk,se11,Lambeth,Lambeth; Southwark
se12locksmithlee.co.uk,se12,Lewisham,Lewisham; Greenwich; Bromley
se13locksmithladywell.co.uk,se13,Lewisham,Lewisham; Greenwich
se14locksmithnewcross.co.uk,se14,Lewisham,Lewisham; Southwark
se15locksmithnunhead.co.uk,se15,Southwark,Southwark; Lewisham
se16locksmithrotherhithe.co.uk,se16,Southwark,Southwark; Lewisham
se17locksmithnewington.co.uk,se17,Southwark,Southwark
se18locksmithplumstead.co.uk,se18,Greenwich,Greenwich
se19locksmithcrystalpalace.co.uk,se19,Croydon,Croydon; Lambeth; Bromley; Southwark
se19locksmithgipsyhill.co.uk,se19,Croydon,Croydon; Lambeth; Bromley; Southwark
se19locksmithuppernorwood.co.uk,se19,Croydon,Croydon; Lambeth; Bromley; Southwark
se1locksmithbankside.co.uk,se1,Southwark,Southwark; Lambeth
se20locksmithpenge.co.uk,se20,Bromley,Bromley
se21locksmithtulsehill.co.uk,se21,Southwark,Southwark; Lambeth
se22locksmitheastdulwich.co.uk,se22,Southwark,Southwark
se23locksmithforesthill.co.uk,se23,Lewisham,Lewisham; Southwark
se24locksmithhernehill.co.uk,se24,Lambeth,Lambeth; Southwark
se25locksmithsouthnorwood.co.uk,se25,Croydon,Croydon
sm5locksmithsthelier.co.uk,sm5,Sutton,Sutton
sm6locksmithwallington.co.uk,sm6,Sutton,Sutton
sw17locksmithtooting.co.uk,sw17,Wandsworth,Wandsworth; Merton
sw18locksmithearlsfield.co.uk,sw18,Wandsworth,Wandsworth; Merton
sw1wlocksmithbelgravia.co.uk,sw1w,Westminster,Westminster; Kensington and Chelsea; Wandsworth
tw9locksmithkew.co.uk,tw9,Richmond upon Thames,Richmond upon Thames
ub2locksmithnorwoodgreen.co.uk,ub2,Ealing,Ealing; Hounslow; Hillingdon
ub6locksmithperivale.co.uk,ub6,Ealing,Ealing; Harrow
ub7locksmithwestdrayton.co.uk,ub7,Hillingdon,Hillingdon
w10locksmithkensaltown.co.uk,w10,Kensington and Chelsea,Kensington and Chelsea; Westminster; Ealing; Brent; Hammersmith and Fulham
w12locksmithshepherdsbush.co.uk,w12,Hammersmith and Fulham,Hammersmith and Fulham; Ealing
wc1blocksmithbloomsbury.co.uk,wc1b,Camden,Camden; Islington
wc1xlocksmithfinsbury.co.uk,wc1x,Camden,Camden; Islington
wc2alocksmithholborn.co.uk,wc2a,Camden,Camden; Westminster; City of London; Islington
wc2elocksmithcoventgarden.co.uk,wc2e,Westminster,Westminster
